MinorAxisLength,MajorAxisLength,Extent,Class
253.291155,442.2460114,0.758650579,Kecimen
243.0324363,406.690687,0.68412957,Kecimen
266.3283177,442.2670483,0.637612812,Kecimen
208.7600423,286.5405586,0.699599385,Kecimen
290.8275329,352.1907699,0.792771926,Kecimen
200.12212,318.125407,0.658456354,Kecimen
176.1314494,310.1460715,0.665893562,Kecimen
235.429835,332.4554716,0.74359819,Kecimen
172.5759261,323.1896072,0.698030924,Kecimen
227.7716147,366.9648423,0.664375716,Kecimen
232.3255064,449.4545811,0.674235757,Kecimen
186.9506295,301.3222176,0.697068248,Kecimen
201.8131355,276.6108288,0.690855598,Kecimen
291.3592017,338.8575454,0.772322237,Kecimen
247.8581228,387.7989307,0.680181585,Kecimen
167.7084908,261.5543311,0.68155052,Kecimen
206.4846437,403.0839752,0.75677257,Kecimen
235.7524629,354.2939396,0.694998015,Kecimen
182.8110368,304.2844667,0.713838189,Kecimen
216.5960537,418.6985723,0.728075054,Kecimen
252.529208,354.1769124,0.734398534,Kecimen
222.4437485,330.4784385,0.723608833,Kecimen
268.3337727,397.1149759,0.686375085,Kecimen
273.6599414,301.5077895,0.643595671,Kecimen
275.2161542,447.1345225,0.704057157,Kecimen
263.4592554,368.2242844,0.726277372,Kecimen
276.0151772,340.055218,0.778736856,Kecimen
231.4656959,336.9238696,0.69858783,Kecimen
297.6406265,347.7500583,0.757559607,Kecimen
222.9020273,358.5919148,0.744124224,Kecimen
265.6902361,429.770355,0.752063524,Kecimen
175.085568,307.5327392,0.697444367,Kecimen
265.8668635,364.2307798,0.723079729,Kecimen
225.8427713,350.1827545,0.746829611,Kecimen
235.9068241,253.8420284,0.684219059,Kecimen
213.5732718,249.7402266,0.743089401,Kecimen
234.6612245,305.298843,0.703287982,Kecimen
192.013274,366.0666742,0.611417674,Kecimen
245.9897977,405.9365937,0.721545397,Kecimen
222.1858727,287.2643272,0.766377827,Kecimen
307.2739224,397.094114,0.75304396,Kecimen
253.7969272,364.1030896,0.715484271,Kecimen
262.8124219,375.2501319,0.732267077,Kecimen
320.7145792,368.4062138,0.749006827,Kecimen
228.2803725,436.5298989,0.631720869,Kecimen
232.0553872,330.2283748,0.645103465,Kecimen
239.1327753,375.4472798,0.727177893,Kecimen
205.8650238,260.5126753,0.824319225,Kecimen
181.6658648,330.0086832,0.732682771,Kecimen
218.0411235,311.9967579,0.675190536,Kecimen
183.3152147,317.6167119,0.656177905,Kecimen
288.9539812,508.1289326,0.681904966,Kecimen
210.0732642,403.1942717,0.616981132,Kecimen
177.7720961,333.2625321,0.634230657,Kecimen
298.630592,478.3109708,0.690092879,Kecimen
203.097502,306.8118747,0.667775392,Kecimen
238.6419206,311.6445775,0.693625546,Kecimen
206.8807081,333.3813698,0.691695375,Kecimen
275.8888648,328.4888612,0.727023897,Kecimen
144.618672,225.629541,0.678144032,Kecimen
246.4762569,348.5579747,0.692446491,Kecimen
198.7512989,312.6013291,0.702770596,Kecimen
228.7576146,443.8222908,0.642192762,Kecimen
245.7320369,342.5767105,0.66254095,Kecimen
208.1086262,373.3428463,0.665683112,Kecimen
221.9219567,345.9492049,0.697485902,Kecimen
208.6190158,332.2676409,0.674553259,Kecimen
258.9467393,443.5159353,0.655190643,Kecimen
208.7667575,321.1271422,0.751889645,Kecimen
236.7511846,387.3096951,0.718536732,Kecimen
280.2261534,451.5261542,0.674956111,Kecimen
208.1687832,383.8002498,0.67634488,Kecimen
241.8502909,379.3178462,0.697453002,Kecimen
237.0415232,373.235638,0.712858926,Kecimen
219.7253525,309.9772864,0.695879962,Kecimen
208.3178983,311.3447951,0.720863268,Kecimen
248.5002712,391.2043013,0.745370006,Kecimen
189.4321576,293.4295802,0.725119048,Kecimen
233.9734424,425.0481856,0.758754595,Kecimen
191.6109615,323.1525189,0.773237024,Kecimen
202.5088754,328.6476055,0.692470967,Kecimen
216.5794558,331.0863197,0.704444444,Kecimen
219.6843649,346.3389582,0.660287081,Kecimen
326.8987235,387.5169377,0.740420596,Kecimen
251.9449198,396.8075663,0.703864647,Kecimen
323.1905688,843.9566534,0.454188929,Kecimen
235.6868033,390.707154,0.66062887,Kecimen
188.7651659,267.5569406,0.697576154,Kecimen
173.5251032,267.5537786,0.706832223,Kecimen
210.4672152,301.8003982,0.698607314,Kecimen
217.6957013,319.0720226,0.745944749,Kecimen
225.1150238,325.341425,0.685736144,Kecimen
260.2106227,422.2791325,0.702560887,Kecimen
238.2264457,361.2553722,0.756943504,Kecimen
206.7595988,331.4511469,0.714434188,Kecimen
185.7275682,269.4020207,0.737583283,Kecimen
282.7390316,360.0734473,0.779156886,Kecimen
233.7746492,329.2425655,0.725925745,Kecimen
202.4661938,305.784503,0.677642591,Kecimen
280.1155681,342.8963104,0.731741628,Kecimen
245.5074738,424.2783146,0.762382252,Kecimen
199.7971077,376.1911744,0.714780201,Kecimen
241.3665105,309.9716571,0.710346522,Kecimen
204.126836,353.1546092,0.743990207,Kecimen
222.109478,347.1551548,0.709619286,Kecimen
178.6479431,319.7903082,0.677637221,Kecimen
239.1621656,269.3704112,0.711244478,Kecimen
261.9884386,343.6762094,0.698347024,Kecimen
269.7628551,396.7059122,0.745434745,Kecimen
253.2429662,331.5384446,0.764829716,Kecimen
265.8146124,393.716176,0.698270844,Kecimen
176.7089727,322.5040186,0.732999603,Kecimen
202.1603698,328.289568,0.704805743,Kecimen
227.1597173,286.8713324,0.835454545,Kecimen
276.607844,448.1210966,0.70929382,Kecimen
261.6430865,413.0345598,0.713834797,Kecimen
250.2207874,410.9979193,0.749044143,Kecimen
294.7622385,390.207341,0.762549046,Kecimen
224.163105,356.4260216,0.690843725,Kecimen
277.2241619,367.5260058,0.735114151,Kecimen
254.4527709,354.9636669,0.701153379,Kecimen
213.8574996,320.4425614,0.684289081,Kecimen
226.6304906,288.6310651,0.737442725,Kecimen
226.9512079,333.7034529,0.688592377,Kecimen
303.2324524,411.2070534,0.731331126,Kecimen
198.4175196,351.8052608,0.655895281,Kecimen
278.1026598,326.0111541,0.76010929,Kecimen
243.4806344,293.5806697,0.740165631,Kecimen
205.2960945,299.8185828,0.720914695,Kecimen
238.7384529,473.2866901,0.658456829,Kecimen
270.7408973,355.310549,0.766676926,Kecimen
249.4037249,362.6507703,0.7461579,Kecimen
197.4955028,318.0989115,0.663815575,Kecimen
213.6317375,313.7032602,0.695051277,Kecimen
204.3070754,336.1488879,0.693692051,Kecimen
207.5949862,354.43108,0.649981827,Kecimen
273.0538098,455.9715909,0.671204732,Kecimen
205.7578712,368.7395425,0.630103195,Kecimen
193.4008772,359.5316125,0.710295439,Kecimen
306.899065,461.1445532,0.752397666,Kecimen
224.4858963,281.4314214,0.727613045,Kecimen
197.7528973,348.2232313,0.731341251,Kecimen
231.2190014,408.940773,0.656512605,Kecimen
208.8552452,308.3589121,0.723225806,Kecimen
199.4459327,303.5552029,0.70526284,Kecimen
228.722883,393.3989966,0.661674303,Kecimen
246.0756721,392.6515582,0.704712179,Kecimen
206.6458262,339.1147492,0.723391813,Kecimen
180.4373603,286.2315627,0.722972478,Kecimen
249.5505,342.2503611,0.759917351,Kecimen
203.3191422,290.5883604,0.656913967,Kecimen
222.6097658,336.312888,0.777295152,Kecimen
262.4744722,368.730119,0.740915368,Kecimen
279.0908401,362.6408695,0.708897225,Kecimen
269.5167915,364.2255696,0.724287614,Kecimen
253.809071,423.844374,0.653494033,Kecimen
235.3680757,251.1333844,0.742280362,Kecimen
215.1097845,344.737416,0.737582676,Kecimen
202.2643597,252.748198,0.663039663,Kecimen
167.3283344,316.841636,0.641185842,Kecimen
197.090849,311.5249871,0.683409393,Kecimen
228.5166995,301.845898,0.715746997,Kecimen
239.1884853,392.3626656,0.709568466,Kecimen
257.9511277,463.3578718,0.710370382,Kecimen
239.7987804,397.9614266,0.751833496,Kecimen
219.6829418,353.0016249,0.755822747,Kecimen
208.9148245,325.2398678,0.728442565,Kecimen
199.6354013,268.1253606,0.732383622,Kecimen
271.5787847,436.985567,0.704122154,Kecimen
194.7602777,297.2593228,0.67518458,Kecimen
262.9740989,411.3973639,0.686782733,Kecimen
216.6793239,350.4871954,0.645498252,Kecimen
222.3818455,345.4854484,0.714819412,Kecimen
216.8939999,411.8885236,0.738242255,Kecimen
191.8173343,349.2261695,0.708995359,Kecimen
253.21136,394.2783917,0.671900035,Kecimen
288.7584072,382.2899916,0.776944987,Kecimen
226.2519485,297.6969009,0.756163594,Kecimen
208.4681478,251.8477358,0.70757157,Kecimen
204.2806212,306.5739068,0.740127679,Kecimen
255.6622254,441.224088,0.708726586,Kecimen
233.2332051,373.9240984,0.736994471,Kecimen
247.8885463,333.0124213,0.756999834,Kecimen
169.3095334,333.7059198,0.677934111,Kecimen
273.8100991,381.3486543,0.711719732,Kecimen
188.1957136,296.5221609,0.696283865,Kecimen
166.5935504,280.7576527,0.812265444,Kecimen
234.2836291,316.4840294,0.712711069,Kecimen
237.6598183,372.8219867,0.721042955,Kecimen
241.6404129,421.1618485,0.753436549,Kecimen
249.8313709,401.9300875,0.757992637,Kecimen
289.4539006,384.9699031,0.727896163,Kecimen
208.1520065,232.4278475,0.794371379,Kecimen
231.7175312,441.9342925,0.738448432,Kecimen
186.0924236,307.7069822,0.633605969,Kecimen
284.1790677,392.9101168,0.73824584,Kecimen
237.1945766,373.8031053,0.706155633,Kecimen
315.7195205,350.1278744,0.785886818,Kecimen
231.8092351,337.0434753,0.683711081,Kecimen
227.9495391,336.5840696,0.700286801,Kecimen
243.2364806,334.8459883,0.735317295,Kecimen
243.540245,333.7476396,0.673137894,Kecimen
245.5420203,391.227169,0.686113099,Kecimen
235.8289934,401.072302,0.740115679,Kecimen
249.0897821,344.9045201,0.703014672,Kecimen
252.6171178,379.9250258,0.735392657,Kecimen
180.9575592,274.4450783,0.696593309,Kecimen
234.0242375,339.7334965,0.705612526,Kecimen
198.4655312,259.4226253,0.733384022,Kecimen
212.326943,301.7807071,0.779294866,Kecimen
217.913109,294.7482868,0.658811365,Kecimen
177.1367946,343.7885277,0.61463255,Kecimen
196.9761351,372.6991236,0.769151222,Kecimen
218.1227905,347.3439411,0.704257176,Kecimen
206.1461473,321.8844382,0.742600897,Kecimen
247.707867,324.5569613,0.716062129,Kecimen
189.9172045,331.0510122,0.625615,Kecimen
221.6551009,376.6624701,0.654744466,Kecimen
229.5557698,414.7180727,0.679771405,Kecimen
219.4182435,290.458237,0.711033729,Kecimen
203.0202207,291.1972864,0.648829289,Kecimen
226.9099341,371.3536275,0.67011755,Kecimen
247.7165958,293.408498,0.778285573,Kecimen
275.5829735,438.6343535,0.687069934,Kecimen
265.4181085,398.326553,0.663072689,Kecimen
255.2178271,406.9762258,0.708385459,Kecimen
260.3787541,446.4304557,0.656529107,Kecimen
227.5389974,374.4662312,0.714438491,Kecimen
289.15047,340.9827093,0.741100324,Kecimen
258.1339883,383.9821631,0.745202952,Kecimen
204.4966891,344.2908319,0.688495238,Kecimen
242.1139544,283.5042387,0.737749216,Kecimen
248.3743168,441.5288902,0.687577266,Kecimen
168.9830565,264.5151675,0.664187423,Kecimen
213.3645111,302.3473906,0.650107229,Kecimen
210.1140569,243.0382802,0.779432833,Kecimen
225.842499,264.9672544,0.759090614,Kecimen
189.2067438,358.3657191,0.703402763,Kecimen
178.3232873,310.6748925,0.572669696,Kecimen
197.5565774,294.624132,0.647425443,Kecimen
211.0255917,317.3482375,0.710051367,Kecimen
175.1857446,323.8592139,0.649275753,Kecimen
213.1674456,331.3506586,0.673221768,Kecimen
209.1269246,368.6379093,0.755157975,Kecimen
288.2561589,380.3703785,0.762151543,Kecimen
232.2824399,313.3863101,0.711769781,Kecimen
201.2063136,300.0971584,0.628971988,Kecimen
222.2744566,333.9700499,0.688668657,Kecimen
227.8641444,352.3686704,0.650566038,Kecimen
212.2734472,305.3972558,0.687507692,Kecimen
277.0098428,362.1373458,0.732483472,Kecimen
225.6562198,259.8962651,0.741286253,Kecimen
175.4205147,283.987539,0.760436395,Kecimen
212.635393,246.7636115,0.646827284,Kecimen
230.5595405,416.7127171,0.706459362,Kecimen
184.1913772,296.7883761,0.691330839,Kecimen
213.6196205,369.3997455,0.786776754,Kecimen
185.8512318,300.906335,0.670082721,Kecimen
275.5139073,346.0510824,0.73124602,Kecimen
179.2233834,289.2593164,0.722204347,Kecimen
232.8200404,348.2887882,0.705620699,Kecimen
212.0277194,296.8792842,0.69527897,Kecimen
205.1640687,271.6466724,0.754021912,Kecimen
199.5409197,327.1109948,0.766294481,Kecimen
226.8031,349.0264129,0.718720657,Kecimen
256.9649659,395.1000971,0.678446719,Kecimen
205.0210803,367.4839462,0.757476883,Kecimen
224.7316909,388.4547229,0.746130132,Kecimen
203.1386868,394.3975005,0.740084919,Kecimen
234.8282406,397.3381636,0.690650883,Kecimen
234.38957,300.9544323,0.75133953,Kecimen
245.2199818,452.7756953,0.622017819,Kecimen
250.1043018,466.249387,0.752003469,Kecimen
233.3566734,383.1890177,0.697810444,Kecimen
191.2982735,304.1003495,0.648741706,Kecimen
191.1090383,227.2937917,0.792998657,Kecimen
257.5462902,388.6927274,0.72693048,Kecimen
212.9548238,393.214664,0.77052354,Kecimen
200.2718741,280.1490165,0.673127962,Kecimen
267.0341186,380.7191934,0.73159735,Kecimen
235.3860453,320.8119081,0.690364202,Kecimen
251.6796378,349.1971378,0.655261122,Kecimen
227.2577315,308.2324435,0.73819523,Kecimen
245.4408089,408.8096881,0.684273038,Kecimen
231.5372369,401.7420402,0.709103722,Kecimen
230.9972581,324.2950626,0.721190282,Kecimen
292.9160989,409.486907,0.767668921,Kecimen
230.0560205,381.1754896,0.65970447,Kecimen
231.7495984,411.6968203,0.679453706,Kecimen
242.2285019,324.3616267,0.721542781,Kecimen
311.3413551,722.8539172,0.529774048,Kecimen
218.2168451,381.2139503,0.644356396,Kecimen
249.5294544,376.6504925,0.777794531,Kecimen
248.0867654,421.0948928,0.713728344,Kecimen
243.8811053,373.1976471,0.690789927,Kecimen
250.8148535,352.011403,0.703439853,Kecimen
241.9344257,297.7657247,0.727739018,Kecimen
248.4080201,292.8989067,0.725273711,Kecimen
306.1052886,440.3896311,0.714616222,Kecimen
181.1570788,257.6418527,0.694480769,Kecimen
273.8879417,408.9260276,0.703574648,Kecimen
236.183035,314.4309771,0.732865767,Kecimen
243.9751621,368.4507096,0.676723637,Kecimen
258.8920062,404.3163937,0.725472034,Kecimen
234.6979363,339.5850181,0.712041464,Kecimen
210.6115221,376.1885565,0.632188028,Kecimen
191.1698622,421.1693384,0.786145031,Kecimen
204.432884,340.8169568,0.683504044,Kecimen
243.0010336,353.1098719,0.76069161,Kecimen
220.1186723,270.5553766,0.686071949,Kecimen
209.5097184,362.6681085,0.732782609,Kecimen
161.7023657,359.3755027,0.644743975,Kecimen
242.6836332,344.309794,0.769218037,Kecimen
170.7762667,291.0010917,0.780883243,Kecimen
221.2409483,368.7863065,0.663844642,Kecimen
196.6171927,306.3041431,0.637631572,Kecimen
254.6003304,280.3131243,0.730654294,Kecimen
184.8022541,265.0402262,0.682497943,Kecimen
261.0119111,323.1877163,0.738719809,Kecimen
221.9197863,330.0249642,0.716762355,Kecimen
208.7278098,376.3751871,0.63947956,Kecimen
222.7534529,317.1723252,0.714254241,Kecimen
216.7666389,278.5021961,0.714070801,Kecimen
244.0280812,380.4147762,0.720924428,Kecimen
230.5255523,365.3190043,0.697943308,Kecimen
170.8372462,267.7377387,0.669480333,Kecimen
264.474304,373.4424261,0.731251436,Kecimen
257.3438202,338.5866405,0.757604541,Kecimen
209.8812282,351.396481,0.699832704,Kecimen
252.0663638,404.5731673,0.72851683,Kecimen
198.7746557,368.3727265,0.634965144,Kecimen
194.9811366,352.5027525,0.691175711,Kecimen
212.119231,356.4633214,0.784413741,Kecimen
227.7259242,339.6034558,0.726680161,Kecimen
282.6808891,334.4176092,0.706179792,Kecimen
204.3355331,340.4047822,0.817388614,Kecimen
230.7152076,385.3917044,0.6593012,Kecimen
254.3101831,421.8829433,0.70994898,Kecimen
229.2867182,430.8651894,0.665346888,Kecimen
173.3469657,328.5871474,0.638466441,Kecimen
189.484632,271.6656922,0.724282537,Kecimen
274.9231996,418.5556402,0.738675293,Kecimen
210.0642098,352.4413648,0.647718841,Kecimen
245.9761755,348.8811561,0.740815867,Kecimen
247.0913226,362.7413898,0.722542219,Kecimen
237.6386774,422.0984896,0.705085125,Kecimen
192.9038367,310.7243688,0.655278582,Kecimen
218.5661729,364.7840178,0.687300355,Kecimen
253.2065911,444.6108356,0.716220548,Kecimen
207.825511,418.4081341,0.691026582,Kecimen
204.6545873,310.6056284,0.760809215,Kecimen
275.2848499,412.7569409,0.717962253,Kecimen
216.2720505,277.3532801,0.761653373,Kecimen
195.8674449,350.9683575,0.732663025,Kecimen
272.6713449,377.616572,0.725486822,Kecimen
248.7961897,364.7445188,0.693937827,Kecimen
258.3843539,290.7535562,0.774756149,Kecimen
197.7035112,400.5028283,0.701161946,Kecimen
254.3765834,395.2097616,0.703003457,Kecimen
224.0094059,372.4843101,0.676634437,Kecimen
190.3513649,332.2648929,0.66134168,Kecimen
220.8199013,285.4020871,0.714770872,Kecimen
228.8007673,364.5828035,0.655845605,Kecimen
287.9931727,460.6704313,0.726967785,Kecimen
263.3333902,359.2726917,0.754739312,Kecimen
206.2251984,296.4930361,0.721187789,Kecimen
258.3928669,341.6460576,0.75184561,Kecimen
230.7099964,319.1919279,0.718647085,Kecimen
282.2148203,390.4129792,0.733663131,Kecimen
219.1856198,334.588138,0.685666764,Kecimen
157.9904179,264.4163841,0.681117902,Kecimen
256.4883397,356.2592463,0.742975069,Kecimen
307.9116981,365.8369921,0.711009953,Kecimen
306.9548981,419.7533709,0.752578628,Kecimen
231.5511993,370.5036219,0.742390035,Kecimen
264.4148773,326.2987214,0.676864225,Kecimen
256.3830246,362.0635747,0.650222613,Kecimen
181.8567206,272.9372082,0.716030818,Kecimen
189.8138686,368.074061,0.603678181,Kecimen
246.4047067,413.4963654,0.655148423,Kecimen
265.928797,400.4656882,0.718458106,Kecimen
155.0257428,262.3470571,0.613910617,Kecimen
143.7108718,245.7557814,0.693487281,Kecimen
240.7826944,358.1989179,0.697662517,Kecimen
250.6960737,388.8073993,0.73744195,Kecimen
201.5349368,297.8913729,0.721307939,Kecimen
218.8887484,382.3576865,0.764336518,Kecimen
216.8275716,392.4932707,0.664193878,Kecimen
249.5814954,363.5065315,0.725744843,Kecimen
209.630823,393.6167673,0.767873412,Kecimen
202.2364946,319.0820631,0.677975097,Kecimen
264.5790871,394.340189,0.668021782,Kecimen
200.9579393,330.7474868,0.72541099,Kecimen
209.1461847,393.251665,0.66740908,Kecimen
262.0614475,435.5508797,0.713846277,Kecimen
156.3955455,264.687187,0.658393331,Kecimen
222.9994167,433.6712228,0.723184154,Kecimen
235.5598942,397.902945,0.746867425,Kecimen
253.171548,424.8227093,0.648281256,Kecimen
247.3352308,353.1242534,0.729512956,Kecimen
193.0052021,338.4814606,0.656552752,Kecimen
171.2081645,296.6559478,0.619968504,Kecimen
189.765438,350.0425817,0.660997732,Kecimen
270.2860947,433.7681595,0.692924564,Kecimen
254.1729295,398.8445645,0.705007428,Kecimen
198.2839196,328.9180154,0.681695537,Kecimen
238.5102532,354.0975248,0.762676056,Kecimen
239.6017637,391.8675067,0.689966401,Kecimen
249.3908796,428.1169055,0.742458211,Kecimen
297.0241867,452.8630128,0.726297937,Kecimen
219.4898675,350.8999545,0.713052833,Kecimen
241.3995271,407.6686396,0.731227487,Kecimen
215.4342255,344.9801825,0.693394176,Kecimen
210.4280656,336.021702,0.750401546,Kecimen
170.5330024,284.3301121,0.721173923,Kecimen
220.464395,338.3209626,0.738172941,Kecimen
171.0010504,254.47223,0.788048575,Kecimen
186.2529038,330.8992812,0.680708836,Kecimen
236.8736053,387.6741043,0.701677879,Kecimen
269.6684468,401.6681425,0.751028843,Kecimen
300.7939859,367.1703365,0.748622661,Kecimen
272.751395,431.3669658,0.625024255,Kecimen
178.341115,251.7422462,0.749399624,Kecimen
185.4112735,274.0659935,0.712562139,Kecimen
192.6741159,281.8248824,0.682773386,Kecimen
272.0833254,405.9151667,0.714817957,Kecimen
213.1333342,343.9347569,0.659853078,Kecimen
185.1922062,280.1124767,0.733007733,Kecimen
187.0417222,329.9357423,0.745108064,Kecimen
247.6902693,349.011262,0.745026085,Kecimen
214.8024505,350.2854586,0.674039717,Kecimen
214.5674661,355.3995375,0.657557931,Kecimen
205.4140518,375.2796881,0.736289139,Kecimen
241.2834392,402.5264818,0.726470473,Kecimen
200.2610472,407.5658564,0.7229673,Kecimen
150.2455819,245.4012948,0.622292797,Kecimen
258.275952,395.3686671,0.71950598,Kecimen
266.9075277,414.1071647,0.718740092,Kecimen
239.614078,449.409264,0.700769491,Kecimen
325.7371661,387.7628358,0.729864528,Kecimen
218.6686172,313.479956,0.728432118,Kecimen
243.9723903,335.2416873,0.704603994,Kecimen
231.9557989,325.1886359,0.700500144,Kecimen
231.5281935,381.6717342,0.679310549,Kecimen
243.2719738,360.0234655,0.678319442,Kecimen
246.2883243,323.1744104,0.707449022,Kecimen
280.2454497,396.4868571,0.742231578,Kecimen
201.3818552,383.5712334,0.684081829,Kecimen
182.3120807,354.2355512,0.623352166,Kecimen
210.3507977,259.2088782,0.729700613,Kecimen
273.2602815,649.541485,0.731637667,Besni
288.5583194,533.2928563,0.730067672,Besni
251.960243,487.1782819,0.722782014,Besni
278.325498,446.7052035,0.706597603,Besni
209.3658885,403.7012948,0.597392869,Besni
337.5992453,585.9280742,0.7216,Besni
288.3849296,600.7662711,0.74243622,Besni
272.7787203,528.4003254,0.614705496,Besni
371.0262137,439.9605034,0.698250157,Besni
233.1538498,507.3808994,0.491002009,Besni
270.4624159,508.7478956,0.632908552,Besni
187.1223778,449.5559014,0.63426911,Besni
249.5447658,659.4426082,0.73666198,Besni
180.0697373,323.5892546,0.830632225,Besni
250.9269903,612.7444115,0.615745148,Besni
217.0587358,402.3102017,0.70311297,Besni
228.6417533,559.5992129,0.573452572,Besni
320.58783,740.1087099,0.645353264,Besni
328.486879,656.0993813,0.681538723,Besni
335.7904519,755.0129141,0.728769116,Besni
205.7561847,418.9978869,0.66625485,Besni
326.5463364,471.8135294,0.723886976,Besni
286.0331908,485.1026458,0.707906277,Besni
328.3133366,613.8737446,0.641322804,Besni
245.3818805,440.8337404,0.657162126,Besni
366.7632399,619.9584724,0.683219376,Besni
309.1215157,530.3040552,0.679096353,Besni
311.1711176,455.6058765,0.686944665,Besni
289.0221686,572.8016018,0.604408842,Besni
403.7193275,636.7524368,0.613785469,Besni
292.0960638,604.1144233,0.60152231,Besni
267.5827815,365.8032415,0.67995405,Besni
305.090778,488.4888558,0.742643053,Besni
324.3025616,374.7201638,0.747599585,Besni
369.2864544,536.606993,0.739083641,Besni
250.8926087,437.0139693,0.723343769,Besni
295.3167921,464.3323636,0.729683725,Besni
367.2795321,984.0454912,0.507352075,Besni
226.2166152,507.1433962,0.738386349,Besni
230.9042314,465.1014658,0.609222133,Besni
412.3828168,531.3732054,0.70191488,Besni
238.8394659,419.9536962,0.668994838,Besni
283.6112797,457.5698723,0.673788505,Besni
223.232633,424.472024,0.683852617,Besni
235.0998706,457.5464724,0.711227443,Besni
321.6079813,588.0092142,0.695421481,Besni
264.028685,559.2667826,0.627862764,Besni
228.8458259,424.7637094,0.685461187,Besni
251.8328267,612.665318,0.526259635,Besni
267.6688956,480.7789636,0.639614136,Besni
397.3101898,469.2765081,0.750260314,Besni
322.620924,660.3641751,0.757757749,Besni
231.6201421,400.4139594,0.642461908,Besni
316.6212427,575.6823646,0.659151906,Besni
221.4448377,514.4361539,0.555157323,Besni
259.1942281,515.3952494,0.573241751,Besni
271.8723954,997.2919406,0.379856115,Besni
395.5792906,675.0983445,0.771748314,Besni
265.3139704,641.5097389,0.582496357,Besni
301.5651259,719.5058781,0.716926627,Besni
237.2089894,450.8275297,0.583107877,Besni
229.7035618,457.9252352,0.607359562,Besni
295.5307052,440.9818348,0.713290393,Besni
235.1597735,451.0060488,0.629437077,Besni
356.2362867,602.3077749,0.719282081,Besni
390.3076128,621.0126864,0.747156346,Besni
379.7192817,684.602958,0.717218816,Besni
268.2670249,468.9040381,0.694716941,Besni
187.0290194,442.7453136,0.686235379,Besni
254.3360345,440.4743232,0.735371438,Besni
304.6121493,655.3989662,0.697046209,Besni
238.289021,458.8440074,0.708450645,Besni
328.1121355,699.6182638,0.739152923,Besni
275.2605054,518.7876139,0.7304361,Besni
204.037706,360.815292,0.718426867,Besni
265.2842028,558.5161561,0.66209179,Besni
224.5785157,398.5966833,0.719385856,Besni
351.4256873,594.759221,0.704685775,Besni
261.7636982,580.6008301,0.649487407,Besni
231.6042653,424.9806728,0.59261729,Besni
246.9199675,473.5758459,0.673231039,Besni
239.402593,562.3359079,0.668066581,Besni
246.810056,441.7955517,0.630243012,Besni
322.6830027,532.7314252,0.722192393,Besni
302.2224471,696.1490457,0.763778569,Besni
239.4695614,425.2194272,0.654279767,Besni
204.7395131,528.5858925,0.491460095,Besni
251.1757003,430.1149972,0.746436873,Besni
321.4311911,591.1801444,0.6485275,Besni
232.5480394,541.2000742,0.553411373,Besni
295.5004623,730.7609597,0.796730297,Besni
376.4321931,661.1487714,0.631120527,Besni
308.0257871,588.0709185,0.733999104,Besni
315.2484647,483.3400048,0.7844673,Besni
293.9224346,456.3827046,0.647265235,Besni
228.161,394.6465339,0.664527251,Besni
300.2270016,395.724998,0.671063554,Besni
314.547414,496.1307567,0.70883156,Besni
256.9501109,618.1418151,0.641284069,Besni
245.2439068,496.8950128,0.719887507,Besni
270.8593166,429.2790857,0.682649239,Besni
223.9076574,400.7368809,0.728765213,Besni
440.4971275,596.6398018,0.751009036,Besni
245.4242627,437.734856,0.702859542,Besni
233.9901934,418.5184789,0.658669736,Besni
305.7358095,518.720443,0.70666472,Besni
305.7917791,440.5629092,0.736901835,Besni
215.0799509,469.4593474,0.621328517,Besni
300.9086479,380.7764868,0.728499171,Besni
348.2821616,522.4680098,0.69363089,Besni
366.2370495,626.0641738,0.789451783,Besni
332.1238891,555.9210209,0.729421056,Besni
215.4482203,511.8746638,0.629612341,Besni
308.0001269,493.7652445,0.675596941,Besni
261.1366518,515.6080701,0.65023094,Besni
313.3098688,559.2958675,0.722141961,Besni
264.2584778,548.9710465,0.725860952,Besni
325.5076812,610.6779718,0.761057039,Besni
278.8373978,571.0488404,0.60261772,Besni
241.896779,498.3917995,0.672892643,Besni
276.8662029,496.5334606,0.713611945,Besni
243.1162956,422.5673288,0.637353474,Besni
268.7630536,452.9265064,0.715906997,Besni
311.9956922,690.0719941,0.578673899,Besni
321.6858345,769.4251488,0.605915848,Besni
319.0201112,592.9085046,0.632833301,Besni
270.743408,516.0732298,0.698815436,Besni
295.4230955,573.5417738,0.71150732,Besni
306.8177642,540.814829,0.64875817,Besni
273.1819147,613.1726145,0.536784249,Besni
373.6425439,713.4725493,0.780576219,Besni
414.1883255,632.7276067,0.76928865,Besni
314.3906394,598.0726814,0.746736026,Besni
309.11683,523.1863795,0.736226499,Besni
269.145887,484.1659011,0.67,Besni
213.1798061,371.6938257,0.737472545,Besni
330.7711388,630.6173412,0.723185339,Besni
300.4577801,433.3668701,0.724719182,Besni
267.2018778,542.5047797,0.743155287,Besni
267.7270571,521.1127579,0.733559965,Besni
394.5247078,581.7097499,0.737206739,Besni
289.8286843,483.163737,0.740102967,Besni
276.2481554,601.8002346,0.67400216,Besni
304.1564686,525.9453568,0.728998849,Besni
300.635686,581.2869477,0.679589556,Besni
217.561151,481.0639534,0.714973571,Besni
248.3224493,326.6328824,0.734356566,Besni
294.5338471,477.0335016,0.744780007,Besni
295.3319356,389.6816918,0.696992892,Besni
331.2490172,598.9676358,0.594050406,Besni
223.4999334,530.1565743,0.547433097,Besni
339.5262777,497.7881364,0.647529753,Besni
209.2796463,465.3608157,0.712414947,Besni
316.469824,551.4538281,0.729890232,Besni
292.130181,453.8934581,0.637828409,Besni
336.5716285,644.9312689,0.682988899,Besni
262.7704159,390.9730835,0.623285654,Besni
182.3239807,395.01184,0.625069042,Besni
251.1605543,524.8171864,0.733311646,Besni
273.3299091,562.2809569,0.643713354,Besni
269.8171718,410.6220937,0.70294108,Besni
231.0557342,403.1909593,0.663897875,Besni
277.9092929,595.3425575,0.712977469,Besni
314.026534,480.629674,0.724300244,Besni
237.7053859,337.2899875,0.696275072,Besni
300.5589867,462.0461305,0.764047729,Besni
413.9274732,615.4172359,0.768569796,Besni
326.3124485,511.8975835,0.719183673,Besni
273.1940698,501.0443057,0.750751174,Besni
260.083619,541.9483998,0.689192749,Besni
236.8825745,427.4942761,0.69841719,Besni
286.8998907,625.3482265,0.632588558,Besni
367.9003618,678.5595652,0.79154619,Besni
272.3013,654.4702641,0.706431237,Besni
218.7157773,431.0085748,0.648154835,Besni
262.6744113,482.5120191,0.686586549,Besni
241.123219,548.4052371,0.715653732,Besni
279.361007,478.2226517,0.77991351,Besni
290.2024046,465.5737975,0.730380886,Besni
243.6365121,440.5599708,0.685808886,Besni
275.5755957,466.397472,0.6870381,Besni
239.3502938,489.6477891,0.672344689,Besni
241.3311658,444.9996477,0.720549965,Besni
192.9493667,362.5947181,0.699917592,Besni
299.4134054,731.5618761,0.755515672,Besni
243.9548291,376.1708434,0.72827907,Besni
282.0258157,476.8035004,0.769034792,Besni
326.2445303,630.6452291,0.751898675,Besni
273.4043639,477.9089439,0.684337933,Besni
257.2680933,329.3302205,0.723263519,Besni
241.0167682,480.6324763,0.643559069,Besni
302.6406658,560.4209076,0.744313787,Besni
251.2394448,423.6326319,0.729480633,Besni
274.5758066,497.7006461,0.716535433,Besni
323.3517303,486.5210676,0.759912623,Besni
301.6828956,494.2591759,0.71936754,Besni
242.6199645,459.3960385,0.725930755,Besni
238.3432501,419.3385795,0.648001,Besni
248.0891166,391.6781455,0.668176329,Besni
297.1102875,486.7663599,0.739561481,Besni
378.0584606,657.8678432,0.786426888,Besni
266.4450356,503.4514388,0.667043297,Besni
261.7242599,488.2150041,0.679432242,Besni
252.4996254,503.9920682,0.708423059,Besni
339.1311299,648.904219,0.713766518,Besni
241.9144571,370.5604807,0.71260281,Besni
375.0205347,595.817747,0.636111296,Besni
337.1023722,731.4402924,0.734399043,Besni
275.6906108,432.0619001,0.715447344,Besni
244.4574533,434.5712205,0.649910941,Besni
197.2136417,351.2037065,0.706141745,Besni
330.3427512,595.1070958,0.67130865,Besni
191.378387,274.1689537,0.721615488,Besni
242.7017513,434.1002588,0.674012309,Besni
248.5279077,546.6727559,0.687345679,Besni
272.9703269,403.7297499,0.710499821,Besni
384.0380462,594.7221714,0.74704638,Besni
277.6837439,488.897551,0.772169783,Besni
355.3006855,746.145341,0.745808887,Besni
299.5836092,420.7021756,0.707426224,Besni
307.8680665,662.9666319,0.742108801,Besni
337.7066668,700.0084625,0.698891395,Besni
250.1120371,498.3876606,0.675361077,Besni
260.9736477,494.0551922,0.61417513,Besni
224.7276306,435.3879154,0.681927322,Besni
277.879091,514.7145466,0.670785994,Besni
204.0111119,342.6553034,0.649178255,Besni
304.3315314,614.8149264,0.733669028,Besni
379.4244465,621.2067629,0.733060891,Besni
281.6014086,585.9819941,0.750683811,Besni
258.5879725,381.8024151,0.747347818,Besni
308.528449,658.9566002,0.726610542,Besni
234.8233464,591.1158376,0.522278775,Besni
218.5287077,369.2703695,0.711720382,Besni
254.4821926,452.9245926,0.736088407,Besni
312.9725953,430.0260915,0.717930823,Besni
220.3620197,364.2559451,0.7233925,Besni
270.0854905,614.5474258,0.689689754,Besni
243.4761211,311.02247,0.656334872,Besni
248.1499566,456.7407136,0.644193035,Besni
238.3218863,478.4818356,0.606600084,Besni
305.7668376,600.126138,0.585589398,Besni
332.5761746,531.8682601,0.667621591,Besni
200.2455856,320.643403,0.675122045,Besni
352.1936798,820.724022,0.496936979,Besni
248.6068692,456.4786879,0.607853978,Besni
273.2554614,433.2197933,0.717702448,Besni
300.8126078,396.79078,0.723317129,Besni
269.2865688,450.0046169,0.71684776,Besni
275.4936129,585.0938025,0.681831859,Besni
277.0668866,554.4901203,0.747413046,Besni
341.2457032,572.7053956,0.777524801,Besni
299.7432602,651.0028073,0.719325646,Besni
301.5684879,582.6875226,0.634567669,Besni
267.9807338,616.9944003,0.621483426,Besni
240.4941902,439.3125083,0.691161601,Besni
225.2188028,345.315246,0.735576165,Besni
264.2362097,470.1016955,0.754547447,Besni
389.9466998,731.5594062,0.770542973,Besni
289.3857273,482.5655775,0.702710238,Besni
198.710116,407.9392627,0.628258686,Besni
402.2832708,648.2042885,0.773987918,Besni
214.0920312,473.3407049,0.674377378,Besni
272.6867344,495.6716825,0.730218937,Besni
238.3286787,471.1246639,0.584770469,Besni
261.9163163,477.1107437,0.777045002,Besni
231.6610186,548.2208328,0.616301518,Besni
212.0294595,355.1360184,0.734956305,Besni
241.3303882,450.9889914,0.729824958,Besni
275.5833551,514.5888486,0.689698853,Besni
236.4044486,362.2312356,0.684109182,Besni
243.0800284,485.4521433,0.700032075,Besni
345.9199722,478.8771011,0.624908356,Besni
293.3841689,443.4929899,0.750241792,Besni
276.9226152,450.4081356,0.703058137,Besni
235.5194933,434.9940818,0.696116854,Besni
258.3043276,439.2290769,0.699757752,Besni
265.3050959,548.9408354,0.677181674,Besni
215.7016476,330.6772412,0.654281336,Besni
256.0624764,404.3024952,0.663542132,Besni
247.352044,464.8339317,0.624797395,Besni
271.2515091,403.9094148,0.67494521,Besni
245.2097587,520.1030781,0.576457129,Besni
273.4526643,489.4542174,0.741609977,Besni
277.6991108,462.5059292,0.682242863,Besni
322.6225172,503.6875762,0.643253594,Besni
296.8298817,507.2404407,0.618402185,Besni
209.1160842,302.6110474,0.677051307,Besni
346.7022458,615.2108745,0.735823666,Besni
252.0375627,429.0904087,0.704841486,Besni
256.6147321,546.6352817,0.580625185,Besni
237.4717854,637.7702144,0.652865745,Besni
258.71716,536.8515692,0.729520929,Besni
277.2224874,477.1675089,0.715684093,Besni
212.2310886,327.2878204,0.646413348,Besni
222.6050244,453.2033953,0.733492868,Besni
270.7088097,585.2941984,0.579493175,Besni
275.4396927,662.7137696,0.732276687,Besni
264.8740998,436.1824306,0.588446959,Besni
261.9434084,477.4997235,0.694107266,Besni
287.5938899,472.3094058,0.678388339,Besni
376.4886055,620.4872195,0.721829842,Besni
189.2616674,336.6780578,0.724950397,Besni
236.8953933,436.3900466,0.654597092,Besni
259.3973494,560.0071356,0.558566689,Besni
328.9098892,671.2545607,0.738159297,Besni
354.5846058,547.4564052,0.711847256,Besni
257.2700163,486.9021671,0.688908984,Besni
305.8751238,422.0440713,0.633349614,Besni
325.3324878,519.6799838,0.745071058,Besni
324.95892,535.980907,0.688558608,Besni
235.1294691,377.136928,0.719074732,Besni
277.0339524,504.3954957,0.620933014,Besni
280.3437406,502.7293381,0.6354731,Besni
255.2544409,394.4426146,0.632365454,Besni
270.6325069,573.4036122,0.723790395,Besni
253.9093213,437.7712614,0.705146139,Besni
273.092077,639.6015714,0.73672628,Besni
316.3984978,713.0171239,0.592162706,Besni
408.5356188,609.8297259,0.769656124,Besni
334.3317845,506.1154491,0.705522559,Besni
372.8498432,604.5300676,0.775837589,Besni
203.3812923,424.5594345,0.628014974,Besni
274.5902751,498.433852,0.773187379,Besni
207.7369888,473.9659934,0.661007591,Besni
268.6684637,425.0072805,0.761312848,Besni
340.6956311,624.8449588,0.779463573,Besni
400.8016603,579.9185509,0.716808511,Besni
327.0840676,599.3628139,0.690156141,Besni
260.1054455,516.4855009,0.691085026,Besni
219.1852525,417.1369997,0.725454805,Besni
352.28079,614.9937443,0.740122616,Besni
172.5083892,360.0191761,0.711320187,Besni
252.36543,522.3810484,0.741658503,Besni
233.6080557,450.480907,0.733213483,Besni
228.86293,357.2050867,0.707307692,Besni
311.2961675,588.3715687,0.721793513,Besni
275.9717264,497.7014599,0.697561586,Besni
299.4368265,536.4989648,0.735948588,Besni
261.0666438,433.4845202,0.73579464,Besni
294.4538963,472.208192,0.770049274,Besni
318.2528014,556.9819072,0.697215215,Besni
260.4860546,453.715176,0.751860779,Besni
216.3409323,458.0446404,0.658392557,Besni
277.084224,490.4095974,0.670404145,Besni
220.4917639,434.2226657,0.621603191,Besni
281.3966838,408.1899217,0.713854554,Besni
254.2608114,470.5658055,0.632396721,Besni
249.723369,364.7511364,0.727848231,Besni
275.2870726,426.2364248,0.740107415,Besni
297.2016018,598.761032,0.748756786,Besni
362.3455742,580.7758476,0.770427286,Besni
189.4429399,490.4334789,0.500546035,Besni
305.3303818,606.351813,0.800255194,Besni
411.810369,694.2475503,0.764940471,Besni
182.8440459,398.8024524,0.65636597,Besni
297.7353473,614.8344775,0.643516382,Besni
245.8211977,407.9403285,0.689010979,Besni
258.947168,467.6371192,0.7129884,Besni
241.940773,522.7865556,0.725982963,Besni
293.4732356,542.4197414,0.65953021,Besni
231.0396812,477.1719928,0.730391156,Besni
388.201507,772.956877,0.711672732,Besni
297.4179501,663.1332504,0.61471504,Besni
224.4723887,499.2377543,0.67084419,Besni
289.6619857,520.3266122,0.712064948,Besni
234.4544522,363.5788956,0.688944066,Besni
277.4549315,405.6780508,0.743688283,Besni
253.8467812,481.5643732,0.737951528,Besni
228.912522,450.2555917,0.677376367,Besni
346.7570543,593.7498799,0.785231188,Besni
302.1091845,521.191031,0.734512254,Besni
205.5143916,388.582055,0.791440045,Besni
288.6600202,481.7946852,0.715983148,Besni
293.9110068,491.1120737,0.734758929,Besni
231.4351892,340.7836277,0.734803992,Besni
184.2131203,331.8941109,0.748192733,Besni
235.4304678,345.9436498,0.70227959,Besni
275.8810121,420.350624,0.673805327,Besni
258.3819447,639.8506348,0.534714521,Besni
308.0475964,522.5437758,0.739578685,Besni
226.802199,275.3377168,0.669594277,Besni
264.0989928,416.2814499,0.697670974,Besni
268.8326119,376.9878173,0.719924469,Besni
306.6080357,609.6301806,0.682495301,Besni
236.2127732,497.0580562,0.636981038,Besni
293.386698,949.6626718,0.414153748,Besni
318.180558,580.4381967,0.754857688,Besni
296.8829335,398.6207288,0.742996727,Besni
252.9930044,348.4009519,0.670877399,Besni
205.9633801,302.8128348,0.742824357,Besni
282.2115053,424.4199935,0.746163157,Besni
287.0157139,465.1799197,0.686192924,Besni
277.4359099,447.5951038,0.687258906,Besni
277.3867797,457.4774879,0.78868349,Besni
328.5680583,594.1828014,0.721207805,Besni
250.5845218,387.8523157,0.735096754,Besni
353.4662998,614.3804322,0.756241377,Besni
302.2095731,422.87694,0.720765368,Besni
317.5428031,416.8989374,0.724419777,Besni
250.0630792,542.1781725,0.646932785,Besni
231.1420842,408.5855548,0.703181055,Besni
207.7512363,448.5277271,0.696373759,Besni
294.6625589,560.7226757,0.667778474,Besni
217.6202412,445.2461201,0.654434087,Besni
357.0472563,679.4893072,0.612143209,Besni
368.2206845,570.2169046,0.781964054,Besni
315.2013498,492.6065372,0.672032484,Besni
194.6688358,402.4157189,0.719710626,Besni
316.7128382,558.0587508,0.677764642,Besni
349.6589887,607.9964652,0.753517688,Besni
239.8993992,298.8588591,0.681452744,Besni
284.170622,473.3133932,0.787014132,Besni
207.8230517,424.563654,0.611693881,Besni
308.392291,549.8652777,0.650653694,Besni
343.2602128,582.6121787,0.762219476,Besni
390.3008576,740.0037432,0.744187354,Besni
199.8147343,433.1941642,0.708950617,Besni
306.3100019,594.1144312,0.764489545,Besni
226.581322,460.1429023,0.651213128,Besni
332.5532581,690.4334163,0.779403089,Besni
268.0873433,507.6851162,0.700270537,Besni
248.674245,356.3232835,0.708661084,Besni
278.2800079,451.7827664,0.689695666,Besni
279.8129101,468.6679004,0.785177527,Besni
227.1275085,504.4821967,0.727157486,Besni
275.3557685,563.5463265,0.668155987,Besni
316.1898754,520.6800335,0.694510885,Besni
318.5977308,621.3515398,0.750048547,Besni
227.3931825,471.3667164,0.633078974,Besni
492.2752785,571.2892031,0.731973651,Besni
316.8097244,607.7096735,0.642408712,Besni
289.9248299,487.6911592,0.687099748,Besni
359.2245718,609.6431474,0.771737563,Besni
286.2523864,500.9313423,0.732395854,Besni
204.0812123,346.457978,0.636111111,Besni
342.4207326,532.0841297,0.770643939,Besni
244.8038886,494.16296,0.702386185,Besni
253.2546956,356.5678081,0.700929152,Besni
236.9642525,454.4372156,0.578255972,Besni
238.5393844,469.7747551,0.6810436,Besni
296.0912378,462.8131338,0.759967476,Besni
304.6225324,637.8730298,0.593805036,Besni
362.3150066,660.6555881,0.71394663,Besni
291.5913488,511.4720359,0.62476017,Besni
247.8386945,430.0773077,0.66879293,Besni
259.2931487,440.7356978,0.636476246,Besni
298.8373229,431.7069809,0.741098519,Besni
254.1760536,476.3440939,0.658798253,Besni
215.2719758,512.0817743,0.632019963,Besni
